1,0,The Legend of Zelda: Tears of the Kingdom,젤다의 전설 티어스 오브 더 킹덤,100
2,0,The Legend of Zelda: Skyward Sword HD,젤다의 전설 스카이워드 소드 HD,15
3,0,Hyrule Warriors: Definitive Edition,젤다무쌍 하이랄의 전설들 DX,15
4,0,The Legend of Zelda: Breath of the Wild,젤다의 전설 브레스 오브 더 와일드,150
5,0,The Legend of Zelda: Link's Awakening for Nintendo Switch,젤다의 전설 꿈꾸는 섬,35
6,0,Hyrule Warriors: Age of Calamity,젤다무쌍 대재앙의 시대,15
7,0,The Elder Scrolls V: Skyrim,엘더스크롤 V: 스카이림,1
8,0,Azure Striker Gunvolt: Striker Pack,푸른 뇌정 건볼트: 스트라이커 팩,1
9,0,Captain Toad: Treasure Tracker,캡틴 토드: 트레저 트래커,1
10,0,Bayonetta 2,베요네타 2,1
11,0,Animal Crossing: New Horizons,모여봐요 동물의 숲,99
12,0,Splatoon 3,스플래툰 3,40
13,0,Fire Emblem Warriors: Three Hopes,파이어 엠블렘 무쌍 풍화설월,15
14,0,Fire Emblem Warriors,파이어 엠블렘 무쌍,15
15,0,Fire Emblem Three Houses,파이어 엠블렘 풍화설월,30
16,0,Fire Emblem Engage,파이어 엠블렘 인게이지,80
17,0,Conga Master Party,콩가 마스터 파티,1
18,0,Diablo3/Diablo III,디아블로 III,85
19,0,Xenoblade Chronicles 3,제노블레이드 크로니클스 3,45
20,0,Cyber Shadow,사이버 섀도,1
21,0,Just Shapes Beats,저스트 셰이프 & 비츠,1
22,0,Kirby and the Forgotten Land,별의 커비 디스커버리,1
23,0,Kirby's Return to Dream Land DELUXE,별의 커비 Wii 디럭스,1
24,0,Kirby: Star Allies,별의 커비 스타 얼라이즈,1
25,0,Little Nightmares Complete Edition,리틀 나이트메어 컴플리트 에디션,1
26,0,Mario Kart 8 Deluxe,마리오 카트 8 디럭스,60
27,0,Mario + Rabbids Kingdom Battle,마리오 + 래비드 킹덤 배틀,1
28,0,Megabyte Punch,메가바이트 펀치,1
29,0,Mega Man 11,록맨 11,1
30,0,Mega Man Legacy Collection 2,록맨 클래식 컬렉션 2,1
31,0,Mega Man Legacy Collection,록맨 클래식 컬렉션,1
32,0,Metroid Dread,메트로이드 드레드,10
33,0,Miitopia,미토피아,1
34,0,Monster Hunter Rise,몬스터헌터 라이즈,95
35,0,Monster Hunter Stories 2: Wings of Ruin,몬스터헌터 스토리즈 2,1
36,0,Pokken Tournament DX,폭권 POKKÉN TOURNAMENT DX,1
37,0,Power Pros,실황 파워풀 프로야구,1
38,0,Resident Evil Revelations 2,바이오하자드 레벌레이션스 2,1
39,0,Resident Evil Revelations,바이오하자드 레벌레이션스,1
40,0,Shovel Knight,셔블 나이트,1
41,0,Shovel Knight Pocket Dungeon,셔블 나이트 포켓 던전,1
42,0,Shovel Knight Showdown,셔블 나이트 쇼다운,1
43,0,Splatoon 2,스플래툰 2,1
44,0,Super Kirby Clash,슈퍼 커비 헌터즈,1
45,0,Super Mario 3D World + Bowser's Fury,슈퍼 마리오 3D 월드 + 퓨리 월드,1
46,0,Super Mario Odyssey,슈퍼 마리오 오디세이,70
47,0,Super Smash Bros Ultimate,슈퍼 스매시브라더스 얼티밋,35
48,0,Yoshi's Crafted World,요시 크래프트 월드,50
49,0,Yu-Gi-Oh! Rush Duel Saikyo Battle Royale ,유희왕 러시 듀얼 최강 배틀 로열,1
50,0,Dark Souls Remastered,다크 소울 리마스터,1
51,0,Super Mario Party,슈퍼 마리오 파티,84
52,11,Amiibo Cards,amiibo 카드,0
53,11,Amiibo Figures,amiibo 피규어,0
54,52,Amiibo Festival,amiibo 페스티벌,0
55,52,Sanrio Cards,산리오 카드,0
56,52,Series 1,제1탄,0
57,52,Series 2,제2탄,0
58,52,Series 3,제3탄,0
59,52,Series 4,제4탄,0
60,52,Series 5,제5탄,0
61,52,Special Edition,스페셜 에디션,0
62,52,Welcome Amiibo,웰컴 amiibo,0
63,0,Metroid Samus Return,메트로이드 사무스 리턴즈,10
64,0,Fire Emblem Fates,파이어 엠블렘 if,15
65,0,Fire Emblem Echoes: Shadows of Valentia,파이어 엠블렘 Echoes 또 하나의 영웅왕,15
66,0,Detective Pikachu,명탐정 피카츄,1
67,0,Hey! Pikmin,Hey! 피크민,1
68,0,The Legend of Zelda: Twilight Princess HD,젤다의 전설 황혼의 공주 HD,15
69,0,Luigi's Mansion,루이지 맨션,5
70,0,Mario Sports Superstars,마리오 스포츠 슈퍼스타즈,5
71,0,Super Nintendo World series,슈퍼 닌텐도 월드 시리즈,5
72,0,Street Fighter 6,스트리트 파이터 6,5
73,0,Donkey Kong Bananza,동키콩 바난자,5
74,0,Metroid Prime 4: Beyond,메트로이드 프라임 4 비욘드,10
75,0,Kirby Air Riders,커비 에어 라이더,1
255,0,Others,기타,0
76,0,My Mario Wooden Blocks,마이 마리오 우드 블록,220
77,0,Latest amiibo,최신 amiibo,255
